,train_mae,test_mae,train_mse,test_mse,train_r2,test_r2
neural_network,12.679527282714844,13.106352806091309,1490.580810546875,1708.8446044921875,-0.3606797754764557,-0.2872925400733948
