,train_mae,test_mae,train_mse,test_mse,train_r2,test_r2
lightgbm,8.405409943876961,12.35469801379996,1285.0261676561474,2470.2391976719373,0.9826297274612352,0.9642684183787052
neural_network,14.569754600524902,14.752203941345215,1688.649658203125,1758.9525146484375,-125.37291717529297,-127.6469955444336
