,train_mae,test_mae,train_mse,test_mse,train_r2,test_r2
lightgbm,8.405409943876961,12.35469801379996,1285.0261676561474,2470.2391976719373,0.9826297274612352,0.9642684183787052
neural_network,23.552507400512695,24.595706939697266,8845.2138671875,15716.0791015625,0.46428224444389343,0.44530296325683594
