,train_mae,test_mae,train_mse,test_mse,train_r2,test_r2
xgboost,8.614267349243164,13.760122299194336,657.7424926757812,4549.96044921875,0.9961975812911987,0.9658008217811584
lightgbm,8.405409943876961,12.35469801379996,1285.0261676561474,2470.2391976719373,0.9826297274612352,0.9642684183787052
neural_network,25.66744041442871,25.633546829223633,44235.0078125,21584.87890625,0.16681358218193054,0.3751615881919861
